size,us latency
0,78
1,62
2,54
3,47
4,35
5,34
6,41
7,30
8,29
9,29
10,29
11,30
12,27
13,32
14,28
15,33
16,35
17,35
18,35
19,43
20,30
21,34
22,29
23,39
24,29
25,36
26,35
27,31
28,31
29,36
30,37
31,62
32,35
33,33
34,33
35,39
36,40
37,43
38,36
39,35
40,36
41,34
42,37
43,36
44,36
45,40
46,40
47,49
48,44
49,41
50,34
51,36
52,66
53,34
54,35
55,34
56,37
57,35
58,34
59,54
60,45
61,41
62,49
63,45
64,51
65,56
66,44
67,41
68,43
69,45
70,53
71,53
72,48
73,47
74,54
75,52
76,40
77,41
78,39
79,40
80,49
81,52
82,50
83,62
84,65
85,38
86,38
87,41
88,39
89,39
90,45
91,44
92,43
93,62
94,47
95,42
96,991
97,44
98,53
99,54
100,49
101,53
102,43
103,46
104,49
105,42
106,50
107,49
108,45
109,57
110,48
111,56
112,46
113,42
114,51
115,46
116,46
117,50
118,48
119,51
120,41
121,41
122,40
123,40
124,40
125,46
126,41
127,57
128,44
129,42
130,41
131,42
132,42
133,50
134,50
135,43
136,52
137,54
138,52
139,53
140,57
141,58
142,60
143,56
144,58
145,44
146,43
147,46
148,47
149,46
150,45
151,54
152,45
153,48
154,45
155,51
156,45
157,60
158,63
159,60
160,59
161,57
162,63
163,73
164,72
165,71
166,73
167,69
168,50
169,45
170,72
171,51
172,49
173,46
174,64
175,66
176,52
177,57
178,47
179,46
180,46
181,48
182,47
183,52
184,54
185,54
186,54
187,52
188,48
189,48
190,52
191,50
192,48
193,66
194,64
195,61
196,49
197,49
198,49
199,74
200,69
201,65
202,69
203,77
204,89
205,81
206,58
207,54
208,54
209,68
210,62
211,50
212,54
213,51
214,54
215,59
216,57
217,57
218,60
219,57
220,51
221,52
222,52
223,53
224,57
225,62
226,68
227,52
228,52
229,52
230,54
231,53
232,56
233,57
234,55
235,53
236,53
237,53
238,53
239,59
240,59
241,59
242,64
243,428
244,80
245,67
246,73
247,75
248,79
249,82
250,99
251,87
252,93
253,99
254,120
255,72
256,103
257,80
258,72
259,59
260,61
261,62
262,61
263,58
264,56
265,62
266,76
267,86
268,66
269,84
270,63
271,73
272,70
273,62
274,62
275,65
276,80
277,80
278,82
279,59
280,62
281,66
282,71
283,71
284,63
285,63
286,65
287,65
288,69
289,83
290,69
291,69
292,61
293,64
294,67
295,78
296,82
297,61
298,62
299,60
300,70
301,66
302,74
303,75
304,62
305,60
306,64
307,64
308,72
309,76
310,88
311,69
312,73
313,105
314,65
315,65
316,67
317,74
318,85
319,72
320,81
321,79
322,105
323,114
324,105
325,87
326,85
327,92
328,81
329,71
330,68
331,69
332,72
333,89
334,90
335,106
336,77
337,89
338,126
339,69
340,71
341,73
342,65
343,65
344,86
345,103
346,100
347,74
348,67
349,65
350,77
351,74
352,84
353,87
354,82
355,75
356,75
357,72
358,81
359,97
360,86
361,90
362,71
363,71
364,70
365,73
366,70
367,86
368,80
369,84
370,90
371,97
372,84
373,158
374,133
375,99
376,95
377,102
378,103
379,92
380,94
381,97
382,80
383,77
384,103
385,82
386,84
387,89
388,78
389,73
390,72
391,74
392,111
393,132
394,100
395,92
396,97
397,78
398,133
399,90
400,109
401,132
402,123
403,88
404,83
405,92
406,89
407,96
408,86
409,92
410,83
411,79
412,78
413,87
414,95
415,103
416,81
417,83
418,84
419,76
420,78
421,86
422,77
423,76
424,95
425,96
426,78
427,81
428,77
429,79
430,95
431,106
432,112
433,129
434,150
435,83
436,79
437,82
438,80
439,92
440,90
441,76
442,78
443,83
444,95
445,109
446,102
447,90
448,85
449,86
450,93
451,113
452,118
453,121
454,122
455,83
456,84
457,82
458,87
459,92
460,82
461,103
462,94
463,102
464,103
465,4554
466,4691
467,4538
468,4751
469,4479
470,4482
471,4932
472,4796
473,4353
474,4741
475,4807
476,8784
477,8817
478,8816
479,8853
480,8793
481,8781
482,8782
483,8706
484,8781
485,8800
486,8786
487,8712
488,8839
489,8800
490,8797
491,9268
492,8792
493,8829
494,8852
495,8803
496,8782
497,8812
498,8815
499,8839
500,8688
501,8819
502,8753
503,8787
504,8833
505,9207
506,8821
507,8832
508,8827
509,8826
510,9173
511,8800
512,9204
513,8797
514,8816
515,8777
516,8802
517,8680
518,8799
519,8800
520,8826
521,8774
522,8770
523,8837
524,8739
525,8861
526,8716
527,8798
528,8780
529,8782
530,8801
531,8834
532,8823
533,8858
534,8712
535,9179
536,8779
537,8784
538,8802
539,8697
540,8830
541,8781
542,8869
543,8676
544,8806
545,8778
546,8884
547,8784
548,8801
549,8783
550,8812
551,9080
552,8789
553,8837
554,8684
555,8772
556,8730
557,8879
558,8822
559,8846
560,8704
561,8840
562,8809
563,8784
564,8854
565,8781
566,8880
567,8854
568,8834
569,8758
570,9163
571,8750
572,8834
573,8804
574,8818
575,9216
576,8794
577,8730
578,8804
579,8864
580,8804
581,8816
582,8818
583,8876
584,8833
585,8772
586,8823
587,8823
588,8778
589,8820
590,8827
591,8694
592,8793
593,8883
594,8682
595,8825
596,8815
597,8782
598,8746
599,8816
600,8867
601,8887
602,8728
603,8805
604,8802
605,8887
606,8644
607,8831
608,8849
609,8837
610,8841
611,8677
612,8860
613,8718
614,8795
615,8839
616,8821
617,8800
618,8859
619,8683
620,8802
621,8787
622,8793
623,8861
624,8800
625,8801
626,8748
627,8907
628,8706
629,8849
630,8798
631,8828
632,8777
633,8759
634,8743
635,8900
636,8782
637,8804
638,8814
639,8837
640,8762
641,8821
642,8850
643,8659
644,8863
645,8716
646,8783
647,8804
648,8773
649,8856
650,8748
651,8780
652,8846
653,8698
654,8826
655,8904
656,8746
657,8871
658,8744
659,8824
660,8797
661,8906
662,8669
663,8802
664,8802
665,9105
666,8800
667,8781
668,8861
669,8806
670,8777
671,8818
672,8860
673,8819
674,8873
675,8798
676,8792
677,8793
678,8863
679,8755
680,8690
681,8761
682,8791
683,8769
684,8797
685,8656
686,8841
687,8685
688,8827
689,8842
690,8784
691,8696
692,8844
693,8797
694,8878
695,8915
696,8902
697,8920
698,8873
699,8770
700,9188
701,8875
702,8736
703,8900
704,8711
705,8846
706,8806
707,9207
708,8772
709,8909
710,8820
711,8780
712,8862
713,8660
714,8731
715,8800
716,8889
717,8715
718,8780
719,8761
720,8896
721,8739
722,8780
723,8811
724,9342
725,9186
726,8786
727,8759
728,8791
729,8908
730,8723
731,8848
732,8699
733,8706
734,8804
735,8777
736,8772
737,8814
738,8922
739,8855
740,8791
741,8825
742,8798
743,8782
744,8751
745,8809
746,8868
747,8726
748,8776
749,8842
750,8794
751,8770
752,8759
753,8805
754,8745
755,8686
756,8834
757,8748
758,9237
759,8842
760,8769
761,8935
762,8838
763,8864
764,8713
765,8902
766,8837
767,8815
768,9227
769,8691
770,8736
771,8798
772,8840
773,8797
774,8775
775,8909
776,8899
777,8801
778,8785
779,8812
780,8916
781,8689
782,8737
783,8884
784,8682
785,8772
786,8843
787,8806
788,8819
789,8799
790,8894
791,8647
792,8772
793,8868
794,8791
795,8770
796,9187
797,8908
798,8835
799,8822
800,8772
801,8819
802,8801
803,8866
804,8763
805,8898
806,8688
807,8799
808,8779
809,8804
810,9170
811,8804
812,8833
813,8881
814,8886
815,8677
816,8802
817,8771
818,8818
819,8798
820,8899
821,8783
822,8827
823,8622
824,9182
825,8834
826,8862
827,8860
828,8677
829,8751
830,8780
831,8938
832,8699
833,8906
834,8795
835,8947
836,8768
837,8813
838,8793
839,8878
840,8795
841,8743
842,8901
843,9019
844,8822
845,8838
846,8849
847,8804
848,8907
849,8691
850,8683
851,8787
852,8770
853,8798
854,8821
855,9176
856,8825
857,9289
858,8685
859,8897
860,8821
861,8772
862,8798
863,8816
864,8823
865,8787
866,8715
867,8869
868,8827
869,8799
870,8782
871,8789
872,8881
873,8860
874,8752
875,8797
876,8724
877,8829
878,8823
879,8841
880,8651
881,8863
882,8895
883,8612
884,8758
885,8798
886,8845
887,8886
888,8778
889,8781
890,8767
891,8717
892,8871
893,8828
894,8900
895,8595
896,8824
897,8701
898,8742
899,8868
900,8640
901,8927
902,8653
903,8759
904,8706
905,8802
906,8800
907,8817
908,8676
909,8833
910,8770
911,8695
912,8799
913,8921
914,8880
915,8898
916,8876
917,8654
918,9569
919,8820
920,8886
921,8801
922,8751
923,8857
924,8919
925,8925
926,8750
927,8757
928,8802
929,8795
930,8811
931,8904
932,8707
933,8866
934,8634
935,8801
936,8838
937,8800
938,8767
939,8921
940,8802
941,8732
942,8855
943,8702
944,8736
945,8781
946,8825
947,9167
948,8825
949,8770
950,9225
951,8890
952,8622
953,8795
954,8865
955,8651
956,8742
957,8822
958,8787
959,9336
960,8891
961,8831
962,8909
963,8784
964,8770
965,8777
966,8856
967,8747
968,8713
969,8727
970,8761
971,9176
972,8848
973,8868
974,9146
975,8747
976,8747
977,9238
978,8927
979,9149
980,9198
981,9109
982,8794
983,8761
984,8795
985,9139
986,8920
987,8931
988,9053
989,8847
990,8825
991,9125
992,9210
993,9185
994,8913
995,8589
996,8790
997,8938
998,9388
999,9178
1000,9591
1001,8778
1002,8960
1003,9036
1004,8841
1005,8796
1006,9337
1007,9079
1008,9256
1009,8841
1010,9194
1011,8782
1012,9194
1013,9633
1014,8893
1015,8837
1016,8848
1017,8724
1018,8926
1019,9354
1020,8650
1021,9198
1022,9487
1023,9199
1024,9231
1025,8775
1026,8916
1027,8727
1028,8826
1029,9131
1030,9120
1031,9518
1032,9199
1033,9139
1034,8800
1035,8800
1036,8864
1037,8991
1038,9202
1039,8808
1040,8791
1041,8833
1042,8829
1043,9164
1044,8862
1045,8905
1046,8789
1047,9124
1048,8830
1049,9522
1050,8753
1051,8744
1052,8828
1053,8894
1054,9107
1055,9188
1056,8912
1057,8824
1058,9567
1059,9169
1060,9227
1061,9603
1062,8909
1063,9372
1064,8804
1065,8805
1066,8797
1067,8890
1068,8623
1069,8795
1070,8839
1071,8944
1072,8912
1073,8795
1074,8853
1075,9169
1076,8733
1077,8989
1078,8627
1079,8923
1080,9067
1081,8832
1082,8805
1083,8864
1084,8796
1085,9227
1086,8759
1087,8844
1088,8618
1089,9191
1090,9101
1091,9196
1092,9263
1093,9558
1094,8852
1095,8774
1096,8936
1097,8758
1098,8732
1099,8805
1100,8870
1101,9061
1102,8798
1103,9251
1104,8916
1105,8776
1106,9239
1107,8919
1108,9420
1109,9082
1110,9256
1111,9564
1112,9134
1113,9233
1114,8689
1115,9198
1116,8770
1117,8899
1118,8675
1119,9547
1120,8874
1121,9159
1122,8906
1123,8602
1124,9197
1125,8856
1126,9162
1127,8847
1128,9006
1129,9213
1130,8797
1131,8908
1132,8770
1133,9639
1134,8866
1135,9160
1136,9198
1137,9275
1138,8963
1139,9050
1140,8892
1141,9177
1142,9246
1143,9239
1144,9200
1145,9187
1146,9110
1147,9203
1148,8969
1149,8683
1150,8690
1151,9236
1152,9239
1153,9666
1154,9249
1155,9134
1156,8868
1157,8914
1158,8985
1159,8970
1160,9029
1161,9236
1162,9156
1163,8797
1164,9219
1165,9237
1166,8965
1167,8933
1168,8958
1169,8806
1170,8932
1171,8639
1172,9989
1173,8766
1174,8777
1175,9139
1176,8995
1177,9096
1178,9607
1179,9202
1180,9263
1181,8860
1182,9117
1183,8768
1184,9601
1185,8758
1186,8698
1187,9615
1188,9199
1189,9188
1190,8826
1191,9155
1192,9637
1193,8992
1194,9107
1195,9180
1196,8995
1197,9218
1198,9531
1199,9599
1200,8843
1201,9167
1202,9218
1203,9086
1204,8846
1205,9003
1206,9029
1207,9127
1208,8890
1209,9560
1210,9980
1211,9190
1212,8855
1213,9241
1214,9627
1215,9292
1216,9515
1217,9207
1218,8880
1219,9034
1220,9565
1221,9199
1222,9035
1223,9530
1224,9203
1225,8959
1226,8994
1227,9260
1228,9635
1229,8852
1230,8895
1231,9024
1232,8777
1233,9197
1234,9565
1235,8987
1236,9037
1237,9172
1238,9160
1239,9161
1240,9187
1241,9592
1242,8978
1243,8687
1244,9182
1245,9635
1246,9103
1247,9157
1248,9546
1249,9491
1250,9598
1251,9289
1252,9236
1253,9570
1254,8803
1255,9381
1256,8832
1257,9426
1258,9197
1259,9571
1260,9151
1261,8928
1262,9221
1263,9265
1264,9635
1265,9047
1266,9602
1267,8927
1268,8782
1269,9561
1270,9452
1271,9537
1272,9304
1273,9638
1274,9562
1275,9625
1276,9202
1277,9280
1278,8785
1279,9163
1280,9595
1281,9367
1282,8961
1283,8942
1284,9226
1285,9570
1286,8987
1287,8913
1288,9496
1289,9213
1290,9271
1291,8893
1292,9371
1293,8941
1294,8768
1295,9822
1296,9558
1297,8886
1298,9017
1299,9604
1300,9579
1301,9231
1302,9647
1303,8864
1304,9599
1305,9224
1306,9297
1307,8822
1308,9029
1309,9033
1310,9136
1311,9595
1312,9594
1313,9616
1314,9245
1315,9599
1316,8829
1317,9195
1318,9259
1319,8944
1320,8859
1321,8966
1322,9351
1323,9617
1324,8878
1325,9660
1326,9581
1327,9162
1328,9166
1329,9530
1330,8981
1331,9418
1332,9249
1333,8986
1334,9121
1335,9634
1336,9190
1337,9637
1338,9258
1339,9273
1340,9266
1341,9046
1342,9259
1343,9622
1344,9234
1345,9194
1346,9321
1347,9075
1348,9372
1349,9550
1350,9304
1351,8938
1352,8879
1353,8958
1354,9644
1355,9600
1356,9192
1357,9156
1358,9204
1359,9273
1360,8994
1361,9059
1362,8799
1363,9186
1364,9036
1365,9276
1366,9616
1367,9619
1368,9526
1369,8836
1370,9566
1371,9205
1372,9593
1373,9257
1374,9033
1375,8704
1376,9680
1377,9155
1378,9246
1379,9589
1380,9197
1381,9295
1382,9288
1383,9670
1384,8881
1385,8939
1386,9392
1387,9275
1388,8842
1389,8932
1390,9224
1391,9239
1392,9198
1393,9224
1394,9636
1395,9274
1396,9435
1397,8599
1398,9624
1399,9198
1400,9641
1401,9248
1402,8889
1403,9530
1404,9205
1405,9342
1406,9523
1407,8924
1408,9013
1409,9596
1410,9499
1411,9586
1412,9162
1413,9042
1414,9230
1415,9132
1416,9005
1417,9142
1418,9383
1419,9081
1420,9123
1421,9639
1422,9680
1423,9218
1424,9361
1425,9285
1426,9673
1427,9163
1428,9099
1429,9407
1430,8993
1431,9295
1432,8882
1433,9533
1434,9567
1435,9607
1436,9202
1437,8948
1438,9192
1439,8940
1440,9255
1441,8915
1442,8644
1443,9605
1444,8933
1445,8970
1446,8660
1447,9156
1448,9566
1449,9238
1450,9612
1451,9538
1452,9301
1453,9244
1454,9074
1455,9196
1456,9495
1457,9532
1458,9595
1459,9234
1460,9015
1461,9425
1462,9610
1463,9306
1464,9629
1465,9328
1466,9087
1467,9556
1468,9527
1469,9569
1470,9415
1471,9557
1472,9306
1473,9544
1474,9153
1475,9041
1476,8998
1477,9055
1478,8803
1479,8801
1480,9024
1481,9520
1482,9602
1483,9548
1484,9199
1485,9565
1486,9640
1487,9565
1488,8978
1489,8849
1490,9350
1491,9156
1492,9490
1493,9365
1494,9604
1495,9380
1496,9618
1497,9209
1498,9681
1499,9010
1500,9059
1501,9602
1502,9629
1503,8983
1504,9417
1505,9689
1506,9042
1507,9292
1508,9195
1509,9622
1510,9648
1511,9013
1512,9383
1513,9688
1514,9720
1515,8941
1516,9639
1517,9564
1518,8997
1519,8712
1520,9259
1521,9856
1522,9172
1523,9074
1524,9280
1525,9599
1526,9596
1527,9114
1528,9152
1529,9227
1530,9147
1531,9647
1532,9596
1533,9011
1534,8851
1535,8809
1536,8873
1537,9261
1538,9599
1539,8919
1540,9590
1541,9481
1542,9533
1543,9235
1544,9228
1545,9294
1546,9598
1547,9037
1548,8817
1549,9119
1550,9459
1551,9642
1552,9259
1553,9592
1554,9556
1555,9605
1556,9111
1557,9608
1558,9296
1559,8725
1560,9374
1561,9555
1562,9631
1563,9305
1564,9013
1565,8991
1566,9593
1567,9425
1568,9542
1569,9574
1570,9279
1571,9064
1572,8871
1573,9226
1574,9642
1575,9651
1576,9634
1577,9202
1578,9253
1579,9296
1580,9077
1581,9838
1582,9419
1583,9396
1584,8934
1585,9215
1586,9569
1587,9323
1588,9147
1589,9333
1590,9456
1591,9512
1592,9156
1593,9640
1594,9589
1595,9579
1596,9021
1597,9037
1598,9455
1599,9640
1600,9517
1601,9229
1602,9699
1603,9547
1604,9581
1605,9592
1606,9602
1607,9240
1608,9374
1609,8960
1610,9589
1611,9519
1612,8940
1613,9130
1614,9338
1615,8800
1616,9949
1617,9540
1618,9585
1619,9625
1620,9654
1621,8939
1622,9067
1623,9587
1624,9249
1625,9594
1626,9142
1627,9539
1628,8982
1629,9104
1630,9528
1631,9582
1632,9934
1633,8958
1634,9483
1635,9697
1636,9647
1637,9568
1638,9528
1639,9556
1640,9534
1641,9599
1642,9474
1643,9447
1644,9672
1645,8790
1646,8909
1647,9459
1648,9555
1649,9523
1650,9598
1651,9586
1652,9154
1653,9575
1654,9253
1655,9527
1656,9187
1657,9474
1658,8798
1659,8928
1660,9150
1661,9145
1662,9384
1663,9582
1664,9584
1665,9203
1666,9628
1667,9593
1668,9497
1669,9651
1670,9022
1671,8658
1672,8989
1673,9341
1674,9375
1675,8953
1676,8919
1677,9357
1678,9682
1679,9578
1680,9163
1681,9159
1682,9380
1683,9051
1684,9686
1685,9542
1686,9549
1687,9275
1688,9625
1689,9597
1690,9061
1691,9038
1692,9051
1693,9600
1694,9305
1695,8953
1696,9006
1697,9624
1698,9473
1699,9644
1700,9557
1701,9448
1702,9595
1703,9601
1704,9555
1705,9634
1706,9618
1707,9347
1708,9095
1709,9295
1710,8990
1711,9598
1712,9204
1713,9140
1714,9607
1715,9393
1716,9495
1717,9679
1718,9587
1719,9589
1720,9235
1721,9075
1722,9611
1723,9540
1724,9679
1725,9023
1726,9046
1727,9042
1728,9583
1729,9560
1730,9594
1731,9520
1732,9644
1733,9375
1734,8781
1735,9664
1736,9559
1737,9558
1738,9519
1739,9643
1740,9313
1741,9542
1742,8997
1743,9433
1744,9525
1745,9518
1746,9248
1747,9172
1748,8965
1749,9591
1750,9675
1751,9584
1752,9603
1753,9482
1754,9578
1755,9739
1756,9148
1757,9685
1758,8840
1759,8797
1760,8975
1761,9843
1762,9597
1763,9987
1764,9553
1765,8955
1766,9098
1767,9514
1768,9586
1769,9602
1770,9475
1771,9562
1772,9028
1773,9025
1774,9572
1775,9590
1776,9006
1777,9139
1778,9332
1779,9596
1780,9502
1781,9735
1782,9483
1783,9650
1784,9282
1785,9447
1786,9049
1787,9306
1788,9621
1789,9468
1790,9558
1791,9195
1792,9596
1793,9110
1794,9434
1795,9520
1796,9532
1797,9606
1798,9283
1799,9076
1800,9666
1801,9678
1802,9702
1803,9564
1804,9631
1805,8947
1806,9516
1807,9590
1808,9361
1809,9315
1810,9171
1811,8838
1812,9412
1813,9023
1814,9204
1815,9560
1816,9598
1817,9475
1818,9630
1819,9514
1820,9609
1821,9596
1822,9600
1823,9490
1824,9761
1825,9097
1826,9286
1827,8975
1828,9221
1829,9390
1830,9271
1831,9594
1832,9265
1833,9537
1834,9488
1835,9532
1836,9650
1837,9635
1838,9421
1839,9360
1840,8783
1841,9256
1842,8724
1843,9097
1844,9111
1845,8703
1846,9183
1847,8793
1848,8797
1849,8796
1850,8808
1851,8945
1852,8825
1853,8875
1854,8802
1855,8848
1856,8787
1857,8715
1858,8894
1859,8812
1860,8987
1861,9186
1862,8811
1863,8902
1864,8942
1865,8729
1866,8845
1867,8880
1868,8793
1869,8600
1870,8743
1871,8845
1872,9075
1873,8864
1874,9046
1875,8786
1876,8883
1877,8754
1878,8886
1879,8795
1880,8796
1881,8900
1882,8799
1883,8730
1884,9399
1885,8828
1886,8748
1887,9137
1888,9118
1889,9401
1890,9238
1891,9074
1892,9144
1893,8915
1894,8932
1895,8816
1896,8778
1897,9057
1898,8762
1899,8782
1900,8968
1901,9036
1902,8789
1903,8879
1904,8805
1905,8872
1906,8779
1907,9234
1908,8786
1909,8806
1910,8900
1911,8830
1912,9254
1913,8789
1914,8703
1915,8699
1916,8875
1917,8797
1918,9123
1919,8736
1920,8774
1921,9477
1922,9520
1923,8859
1924,8867
1925,8890
1926,8736
1927,8863
1928,8815
1929,8794
1930,8865
1931,8767
1932,8853
1933,8855
1934,8899
1935,8813
1936,8848
1937,8678
1938,8609
1939,8801
1940,8799
1941,8868
1942,8798
1943,8837
1944,8798
1945,8767
1946,8897
1947,8802
1948,8940
1949,9022
1950,9185
1951,8768
1952,8795
1953,8870
1954,8627
1955,8784
1956,8894
1957,8993
1958,8934
1959,8878
1960,8803
1961,8875
1962,8801
1963,8876
1964,8937
1965,8854
1966,8625
1967,8876
1968,8739
1969,8798
1970,8734
1971,8866
1972,8798
1973,8848
1974,8858
1975,9182
1976,8779
1977,8800
1978,9204
1979,8802
1980,8685
1981,8726
1982,8791
1983,8791
1984,8744
1985,8876
1986,8797
1987,8796
1988,8767
1989,8797
1990,8770
1991,8759
1992,8799
1993,8796
1994,8868
1995,8797
1996,8805
1997,8838
1998,8795
1999,8741
2000,8881
2001,8798
2002,8805
2003,8802
2004,8625
2005,8754
2006,8855
2007,8807
2008,8783
2009,8823
2010,8808
2011,8737
2012,8722
2013,8994
2014,9150
2015,8664
2016,9182
2017,8823
2018,8715
2019,8808
2020,8793
2021,8812
2022,8867
2023,8801
2024,8740
2025,8729
2026,8788
2027,8893
2028,8751
2029,8801
2030,8805
2031,9004
2032,8726
2033,8792
2034,8870
2035,9444
2036,8872
2037,8783
2038,8791
2039,9201
2040,8794
2041,8864
2042,8794
2043,8722
2044,8797
2045,8669
2046,8808
2047,8792
2048,8804
2049,8783
2050,8806
2051,9164
2052,8794
2053,9237
2054,8805
2055,8851
2056,8684
2057,8821
2058,8651
2059,8836
2060,8793
2061,8721
2062,8894
2063,8734
2064,8678
2065,8738
2066,8801
2067,8791
2068,8783
2069,8931
2070,8870
2071,8734
2072,8803
2073,9070
2074,8772
2075,8735
2076,8777
2077,8928
2078,8718
2079,9128
2080,8702
2081,9292
2082,8705
2083,8677
2084,8927
2085,8848
2086,8742
2087,8772
2088,8790
2089,8818
2090,8896
2091,8774
2092,8810
2093,8804
2094,8729
2095,8826
2096,8777
2097,8902
2098,8733
2099,9466
2100,8845
2101,8865
2102,8793
2103,9592
2104,8699
2105,8853
2106,8759
2107,8819
2108,8859
2109,8780
2110,8801
2111,8800
2112,8793
2113,8775
2114,8791
2115,8776
2116,8736
2117,8730
2118,8795
2119,8685
2120,8804
2121,8793
2122,8740
2123,8741
2124,8730
2125,8851
2126,8811
2127,8758
2128,8780
2129,8859
2130,8831
2131,8879
2132,8707
2133,8745
2134,8754
2135,8651
2136,8783
2137,9153
2138,8846
2139,8832
2140,8774
2141,9207
2142,8909
2143,8869
2144,8754
2145,8838
2146,8766
2147,8714
2148,8715
2149,8798
2150,8755
2151,8769
2152,8899
2153,8958
2154,8647
2155,8788
2156,9116
2157,8718
2158,8815
2159,8829
2160,8790
2161,8792
2162,8711
2163,9191
2164,8801
2165,8881
2166,8803
2167,8810
2168,8802
2169,8744
2170,8722
2171,8824
2172,8731
2173,8864
2174,8866
2175,8788
2176,9063
2177,8779
2178,8887
2179,8792
2180,8673
2181,8832
2182,9228
2183,8875
2184,8849
2185,8849
2186,8652
2187,8736
2188,8870
2189,8805
2190,8743
2191,8797
2192,9016
2193,8765
2194,8884
2195,8706
2196,8887
2197,8813
2198,8744
2199,8807
2200,8768
2201,9158
2202,8796
2203,8813
2204,8849
2205,8770
2206,8826
2207,8797
2208,8799
2209,8801
2210,9129
2211,8878
2212,9213
2213,9664
2214,9509
2215,9447
2216,9223
2217,9142
2218,9694
2219,9766
2220,9668
2221,9691
2222,9679
2223,9375
2224,8879
2225,9178
2226,8981
2227,10212
2228,9631
2229,9640
2230,9710
2231,9762
2232,9617
2233,9741
2234,9598
2235,9583
2236,9699
2237,9044
2238,9490
2239,9569
2240,9584
2241,9726
2242,9550
2243,9463
2244,9603
2245,9404
2246,8994
2247,9573
2248,9519
2249,9581
2250,9598
2251,9065
2252,8945
2253,9285
2254,9509
2255,9570
2256,9590
2257,9412
2258,9609
2259,9658
2260,9620
2261,9564
2262,9695
2263,9669
2264,8890
2265,9224
2266,9031
2267,9925
2268,9474
2269,9643
2270,9706
2271,9143
2272,9130
2273,9592
2274,9635
2275,9662
2276,9360
2277,9585
2278,9650
2279,9526
2280,9080
2281,9393
2282,9092
2283,9076
2284,8965
2285,9646
2286,9541
2287,9654
2288,9379
2289,9585
2290,9582
2291,9531
2292,9481
2293,9443
2294,9088
2295,9335
2296,9544
2297,9591
2298,9525
2299,9418
2300,9691
2301,9579
2302,9083
2303,9466
2304,9595
2305,9547
2306,9719
2307,9500
2308,9066
2309,9293
2310,9581
2311,9613
2312,9599
2313,9654
2314,9592
2315,9651
2316,9329
2317,8831
2318,9863
2319,9728
2320,8761
2321,8875
2322,8999
2323,9683
2324,9466
2325,9464
2326,9445
2327,9550
2328,9594
2329,9645
2330,9495
2331,9597
2332,9460
2333,9570
2334,9233
2335,9517
2336,8959
2337,9556
2338,9445
2339,9101
2340,9374
2341,9495
2342,9597
2343,9711
2344,9161
2345,9643
2346,9540
2347,9501
2348,9692
2349,9431
2350,9056
2351,8887
2352,9446
2353,9588
2354,9375
2355,9606
2356,9609
2357,9591
2358,9009
2359,9209
2360,9633
2361,9522
2362,9437
2363,9418
2364,8901
2365,9484
2366,9579
2367,9757
2368,9574
2369,9597
2370,9527
2371,9717
2372,9583
2373,9685
2374,9593
2375,9389
2376,9577
2377,9061
2378,8915
2379,9373
2380,9678
2381,9750
2382,9520
2383,9606
2384,9529
2385,9597
2386,9969
2387,9757
2388,9684
2389,9579
2390,9590
2391,9447
2392,9861
2393,9598
2394,9186
2395,9761
2396,9399
2397,8795
2398,8968
2399,9283
2400,9595
2401,9451
2402,9660
2403,9714
2404,9609
2405,9712
2406,9414
2407,9460
2408,9019
2409,9634
2410,9640
2411,9532
2412,9671
2413,9653
2414,9684
2415,9508
2416,9531
2417,9375
2418,9410
2419,9529
2420,9579
2421,9724
2422,9027
2423,9328
2424,9635
2425,9646
2426,9513
2427,9732
2428,9545
2429,10135
2430,9631
2431,9627
2432,9104
2433,9653
2434,9221
2435,9714
2436,9365
2437,9030
2438,9690
2439,9523
2440,9593
2441,9725
2442,9554
2443,9482
2444,9407
2445,9400
2446,9589
2447,9454
2448,9553
2449,9448
2450,9751
2451,9462
2452,8953
2453,9668
2454,9538
2455,9692
2456,8981
2457,9086
2458,9118
2459,10044
2460,9670
2461,9492
2462,9460
2463,9377
2464,9580
2465,9734
2466,9275
2467,9329
2468,9565
2469,9646
2470,9587
2471,9612
2472,9713
2473,9593
2474,9356
2475,9608
2476,9119
2477,9367
2478,9203
2479,10054
2480,9563
2481,9015
2482,9478
2483,9051
2484,9661
2485,9028
2486,9524
2487,9546
2488,9142
2489,9661
2490,9589
2491,9673
2492,9593
2493,9523
2494,9623
2495,9100
2496,8851
2497,8720
2498,8723
2499,8790
2500,8868
2501,8786
2502,8760
2503,8812
2504,8771
2505,8795
2506,8710
2507,8725
2508,8793
2509,8888
2510,8790
2511,8742
2512,9202
2513,8805
2514,8793
2515,8716
2516,8875
2517,8788
2518,8733
2519,8830
2520,8720
2521,8785
2522,8862
2523,8880
2524,9459
2525,9383
2526,9708
2527,9141
2528,9274
2529,8784
2530,8756
2531,8782
2532,9140
2533,8700
2534,8791
2535,8791
2536,8767
2537,8753
2538,9158
2539,8838
2540,8805
2541,8789
2542,8754
2543,8825
2544,8807
2545,9555
2546,9075
2547,9075
2548,9755
2549,9566
2550,9009
2551,8778
2552,8876
2553,8815
2554,8779
2555,8743
2556,8684
2557,8730
2558,8854
2559,8734
2560,8839
2561,8729
2562,8784
2563,8813
2564,8757
2565,8778
2566,9255
2567,8810
2568,8845
2569,8769
2570,9253
2571,9662
2572,9555
2573,9019
2574,8811
2575,9146
2576,8819
2577,9178
2578,8722
2579,8792
2580,8801
2581,9175
2582,8785
2583,8785
2584,8875
2585,8797
2586,8724
2587,9209
2588,8851
2589,8877
2590,8774
2591,8818
2592,9261
2593,9550
2594,9147
2595,9298
2596,9707
2597,8780
2598,8720
2599,8888
2600,8738
2601,8685
2602,9111
2603,8809
2604,8812
2605,8809
2606,8825
2607,8854
2608,8869
2609,8863
2610,8799
2611,8789
2612,8764
2613,8784
2614,9142
2615,8778
2616,9092
2617,9678
2618,9972
2619,9752
2620,8917
2621,9122
2622,8792
2623,8820
2624,8825
2625,8710
2626,8802
2627,8868
2628,8833
2629,8740
2630,8834
2631,8799
2632,8740
2633,9216
2634,8807
2635,8917
2636,8795
2637,8754
2638,9222
2639,9266
2640,9603
2641,9406
2642,9639
2643,9202
2644,9263
2645,9225
2646,9578
2647,8908
2648,9155
2649,9543
2650,9583
2651,9322
2652,9180
2653,9180
2654,9404
2655,9138
2656,8785
2657,9643
2658,9584
2659,9911
2660,8772
2661,9548
2662,8890
2663,8757
2664,9487
2665,8778
2666,8794
2667,8848
2668,8733
2669,8871
2670,8802
2671,9173
2672,9176
2673,8799
2674,8935
2675,8831
2676,8840
2677,8798
2678,8858
2679,8848
2680,8798
2681,9576
2682,9611
2683,9389
2684,9635
2685,9521
2686,9681
2687,9471
2688,9481
2689,9422
2690,9467
2691,9625
2692,9633
2693,9532
2694,9199
2695,10022
2696,9586
2697,9655
2698,9596
2699,9678
2700,9645
2701,9825
2702,9502
2703,8723
2704,8765
2705,9122
2706,8784
2707,8852
2708,8716
2709,8790
2710,8887
2711,8765
2712,8819
2713,8729
2714,8864
2715,8790
2716,8863
2717,8777
2718,9196
2719,8777
2720,8846
2721,9728
2722,9420
2723,9694
2724,8856
2725,9479
2726,9276
2727,8859
2728,8812
2729,8819
2730,8850
2731,8796
2732,8801
2733,8765
2734,8816
2735,9231
2736,8879
2737,8711
2738,8779
2739,8793
2740,8848
2741,8729
2742,8742
2743,8768
2744,8803
2745,8756
2746,8894
2747,9550
2748,9549
2749,9637
2750,9461
2751,8741
2752,8853
2753,8799
2754,9839
2755,8779
2756,8773
2757,8783
2758,8796
2759,8813
2760,9186
2761,8806
2762,8816
2763,8722
2764,8806
2765,8798
2766,8788
2767,8867
2768,8850
2769,8976
2770,9798
2771,9858
2772,9456
2773,9735
2774,9205
2775,8791
2776,8791
2777,9241
2778,8821
2779,8670
2780,8784
2781,8704
2782,8865
2783,9163
2784,8733
2785,9108
2786,8795
2787,8664
2788,8820
2789,8783
2790,9300
2791,8703
2792,9827
2793,9599
2794,9361
2795,9644
2796,9004
2797,8786
2798,8702
2799,8704
2800,8880
2801,8799
2802,8780
2803,8721
2804,8803
2805,8704
2806,8712
2807,8893
2808,8794
2809,8894
2810,8875
2811,8875
2812,9213
2813,8687
2814,8891
2815,8806
2816,8880
2817,8794
2818,8702
2819,8636
2820,8720
2821,8881
2822,8798
2823,8897
2824,9584
2825,9726
2826,9730
2827,9593
2828,9584
2829,9644
2830,9182
2831,9408
2832,9646
2833,9673
2834,9145
2835,8890
2836,9364
2837,9363
2838,9502
2839,9513
2840,9664
2841,9776
2842,9550
2843,9568
2844,9655
2845,9673
2846,9094
2847,8869
2848,8771
2849,8894
2850,8776
2851,9434
2852,8722
2853,8792
2854,8756
2855,8817
2856,8854
2857,8743
2858,8857
2859,8733
2860,8783
2861,8883
2862,8795
2863,8814
2864,9595
2865,9551
2866,9686
2867,9559
2868,9305
2869,8809
2870,8861
2871,8923
2872,8748
2873,8719
2874,8834
2875,8819
2876,9199
2877,9182
2878,8823
2879,8904
2880,8810
2881,8769
2882,8749
2883,8826
2884,9200
2885,8839
2886,8785
2887,9408
2888,9155
2889,9395
2890,9292
2891,9249
2892,8820
2893,9531
2894,9552
2895,9159
2896,9191
2897,9221
2898,9134
2899,9956
2900,9342
2901,8992
2902,9177
2903,9558
2904,9217
2905,9302
2906,9256
2907,9126
2908,9508
2909,9502
2910,10094
2911,8766
2912,8891
2913,8794
2914,8886
2915,8706
2916,8720
2917,8893
2918,8798
2919,8788
2920,8892
2921,8794
2922,9264
2923,8937
2924,8701
2925,8704
2926,8762
2927,8895
2928,8805
2929,8750
2930,8714
2931,8794
2932,8791
2933,8781
2934,8786
2935,8897
2936,8711
2937,9766
2938,9731
2939,9612
2940,9726
2941,9197
2942,8868
2943,8686
2944,8806
2945,8933
2946,9165
2947,8812
2948,9150
2949,9119
2950,8736
2951,9238
2952,8880
2953,8951
2954,8913
2955,8847
2956,9210
2957,8755
2958,8909
2959,9518
2960,9721
2961,9491
2962,9475
2963,9608
2964,9124
2965,8867
2966,8903
2967,8808
2968,8836
2969,8788
2970,8811
2971,8792
2972,8786
2973,9269
2974,8813
2975,8866
2976,8645
2977,9294
2978,8692
2979,9218
2980,9200
2981,8702
2982,10170
2983,9732
2984,9940
2985,9490
2986,8834
2987,9152
2988,8817
2989,8810
2990,8842
2991,8924
2992,8820
2993,9582
2994,9348
2995,9137
2996,9172
2997,8919
2998,9442
2999,8787
3000,9188
3001,8812
3002,8710
3003,9175
3004,9730
3005,9741
3006,9850
3007,9447
3008,9374
3009,8798
3010,8780
3011,8746
3012,8828
3013,8786
3014,8803
3015,9184
3016,9571
3017,8803
3018,9138
3019,8910
3020,9628
3021,8864
3022,8790
3023,8778
3024,8747
3025,8857
3026,8744
3027,9806
3028,9614
3029,9871
3030,9425
3031,9441
3032,9168
3033,8812
3034,9161
3035,9162
3036,9072
3037,9202
3038,8792
3039,9158
3040,9150
3041,8824
3042,8785
3043,8834
3044,8947
3045,9565
3046,8664
3047,8782
3048,8881
3049,9437
3050,9063
3051,9486
3052,9377
3053,9262
3054,8898
3055,8675
3056,8829
3057,9127
3058,9130
3059,8889
3060,8827
3061,8717
3062,9242
3063,9157
3064,9244
3065,8924
3066,8808
3067,8853
3068,8788
3069,8707
3070,8832
3071,8817
3072,9564
3073,9555
3074,9817
3075,9940
3076,8757
3077,8681
3078,8893
3079,8891
3080,8710
3081,8798
3082,9256
3083,8894
3084,9198
3085,8909
3086,8805
3087,8698
3088,8899
3089,8729
3090,8712
3091,8725
3092,8896
3093,8908
3094,8786
3095,8907
3096,8684
3097,8702
3098,8903
3099,8806
3100,8900
3101,8795
3102,8914
3103,9579
3104,10034
3105,9594
3106,9191
3107,9731
3108,8728
3109,9262
3110,9571
3111,9599
3112,8786
3113,9176
3114,8879
3115,8752
3116,9151
3117,8798
3118,8932
3119,9086
3120,9317
3121,8841
3122,8792
3123,8841
3124,8798
3125,8834
3126,9470
3127,9496
3128,9485
3129,9823
3130,9174
3131,9530
3132,9552
3133,9212
3134,8974
3135,9472
3136,8846
3137,9050
3138,8843
3139,9227
3140,9093
3141,9541
3142,9326
3143,9582
3144,8914
3145,8858
3146,8894
3147,9591
3148,9798
3149,9447
3150,9779
3151,9563
3152,8820
3153,8832
3154,8870
3155,8798
3156,9121
3157,9497
3158,8921
3159,9257
3160,9082
3161,9260
3162,8720
3163,9637
3164,9509
3165,8874
3166,9575
3167,8856
3168,9220
3169,8800
3170,8786
3171,9518
3172,9199
3173,9146
3174,9654
3175,9342
3176,8789
3177,8817
3178,8819
3179,9163
3180,8826
3181,9171
3182,9154
3183,9140
3184,8993
3185,8957
3186,9448
3187,8729
3188,9589
3189,9197
3190,9292
3191,9206
3192,9231
3193,9196
3194,8896
3195,9445
3196,8784
3197,9302
3198,9035
3199,9171
3200,8909
3201,8897
3202,9240
3203,9550
3204,9944
3205,8874
3206,8801
3207,9217
3208,9567
3209,9601
3210,9124
3211,9367
3212,9126
3213,8864
3214,9584
3215,8797
3216,8894
3217,9517
3218,9230
3219,8841
3220,9450
3221,9063
3222,9239
3223,9164
3224,9093
3225,9257
3226,9509
3227,9242
3228,9541
3229,8883
3230,9564
3231,9676
3232,9135
3233,9221
3234,8817
3235,9588
3236,9550
3237,9174
3238,9564
3239,9328
3240,9256
3241,9016
3242,9222
3243,9542
3244,9239
3245,8901
3246,8890
3247,9243
3248,9215
3249,9139
3250,9509
3251,9362
3252,9168
3253,9598
3254,9202
3255,9189
3256,9519
3257,8732
3258,8852
3259,9148
3260,9331
3261,8878
3262,9109
3263,9572
3264,8891
3265,9249
3266,9244
3267,9396
3268,9566
3269,8824
3270,9516
3271,8736
3272,9420
3273,9182
3274,9157
3275,9194
3276,9558
3277,9650
3278,9512
3279,9659
3280,8894
3281,9202
3282,8818
3283,9346
3284,9133
3285,9147
3286,9199
3287,9632
3288,9251
3289,9068
3290,9191
3291,8919
3292,9534
3293,8885
3294,9548
3295,9359
3296,9606
3297,9161
3298,9297
3299,9558
3300,9326
3301,9239
3302,9193
3303,9487
3304,9201
3305,8970
3306,10040
3307,8951
3308,9179
3309,8863
3310,8825
3311,8886
3312,9271
3313,9279
3314,9302
3315,9633
3316,9204
3317,9506
3318,9586
3319,8910
3320,9145
3321,10032
3322,9287
3323,9118
3324,9698
3325,9160
3326,9083
3327,9424
3328,9365
3329,9247
3330,9312
3331,8898
3332,9205
3333,9540
3334,9605
3335,9385
3336,9509
3337,8950
3338,9215
3339,9253
3340,8962
3341,9491
3342,9588
3343,8846
3344,8924
3345,9217
3346,9237
3347,8944
3348,9598
3349,8792
3350,9568
3351,9647
3352,8856
3353,9010
3354,9276
3355,9562
3356,8882
3357,9179
3358,8875
3359,9149
3360,9171
3361,9033
3362,9548
3363,9556
3364,9703
3365,9464
3366,8872
3367,8974
3368,9421
3369,9173
3370,9272
3371,9048
3372,9024
3373,9152
3374,9140
3375,9297
3376,8776
3377,9508
3378,9140
3379,8746
3380,9244
3381,9262
3382,9656
3383,8861
3384,9450
3385,9670
3386,9640
3387,9541
3388,9266
3389,9298
3390,9158
3391,9471
3392,9229
3393,9587
3394,9564
3395,9071
3396,8972
3397,9239
3398,9428
3399,9631
3400,9522
3401,9414
3402,9317
3403,9530
3404,9080
3405,9280
3406,9475
3407,9655
3408,9404
3409,9589
3410,8886
3411,9271
3412,9306
3413,9297
3414,9185
3415,8952
3416,8917
3417,9608
3418,9547
3419,8945
3420,9442
3421,8935
3422,8922
3423,9321
3424,9560
3425,9554
3426,8923
3427,9558
3428,9150
3429,9274
3430,9286
3431,9100
3432,9027
3433,9732
3434,9634
3435,9530
3436,9230
3437,9518
3438,9252
3439,9114
3440,9237
3441,9183
3442,9248
3443,9198
3444,8896
3445,9613
3446,9543
3447,9191
3448,9582
3449,9520
3450,9243
3451,8982
3452,9189
3453,9605
3454,9191
3455,9636
3456,9158
3457,9329
3458,8933
3459,9337
3460,9088
3461,10072
3462,9214
3463,9246
3464,9332
3465,9594
3466,8845
3467,9545
3468,9235
3469,9211
3470,9596
3471,9176
3472,9294
3473,10037
3474,9557
3475,9533
3476,9203
3477,9621
3478,9592
3479,9314
3480,8900
3481,9926
3482,9165
3483,9118
3484,9086
3485,9551
3486,9967
3487,9717
3488,8980
3489,9529
3490,9058
3491,9555
3492,8917
3493,9642
3494,9974
3495,9615
3496,9502
3497,9641
3498,9624
3499,9636
3500,9633
3501,9602
3502,9464
3503,9257
3504,9242
3505,8790
3506,9468
3507,9222
3508,9230
3509,9613
3510,8818
3511,9110
3512,9670
3513,9212
3514,9649
3515,9241
3516,9647
3517,9602
3518,9153
3519,9564
3520,9590
3521,9476
3522,9620
3523,9287
3524,9333
3525,9461
3526,9196
3527,9261
3528,9333
3529,9637
3530,9338
3531,9245
3532,9502
3533,9244
3534,9471
3535,9672
3536,9178
3537,9247
3538,9578
3539,9031
3540,9528
3541,9293
3542,9154
3543,9548
3544,9273
3545,9273
3546,9551
3547,9592
3548,9124
3549,9669
3550,8850
3551,9148
3552,9100
3553,8969
3554,9930
3555,9518
3556,9172
3557,9557
3558,9552
3559,9362
3560,9581
3561,9537
3562,9328
3563,9399
3564,9068
3565,9141
3566,9155
3567,9418
3568,9197
3569,9366
3570,9544
3571,9011
3572,9295
3573,9302
3574,9301
3575,9365
3576,9598
3577,9650
3578,9535
3579,9126
3580,9246
3581,9224
3582,9343
3583,9145
3584,9503
3585,9189
3586,9177
3587,9594
3588,9568
3589,8887
3590,8882
3591,9472
3592,9290
3593,9492
3594,9471
3595,9463
3596,9579
3597,8834
3598,9706
3599,9165
3600,9100
3601,9518
3602,9565
3603,9467
3604,9564
3605,9180
3606,9096
3607,9593
3608,9443
3609,9612
3610,9159
3611,9693
3612,8938
3613,9574
3614,9564
3615,9505
3616,9255
3617,9071
3618,9608
3619,9904
3620,9395
3621,9478
3622,9591
3623,9241
3624,9495
3625,9568
3626,9966
3627,8852
3628,9210
3629,9406
3630,9558
3631,9384
3632,9027
3633,9526
3634,9644
3635,9240
3636,9044
3637,9596
3638,9116
3639,9639
3640,9266
3641,9167
3642,9624
3643,9387
3644,8810
3645,9154
3646,9666
3647,9677
3648,8866
3649,9388
3650,9183
3651,9537
3652,9658
3653,9169
3654,9574
3655,9565
3656,9499
3657,8942
3658,9143
3659,8900
3660,9589
3661,9538
3662,9573
3663,9301
3664,9173
3665,9047
3666,9463
3667,9208
3668,9230
3669,9366
3670,9412
3671,9419
3672,9553
3673,9601
3674,9201
3675,9189
3676,8910
3677,9650
3678,9390
3679,9201
3680,9507
3681,9511
3682,9279
3683,9343
3684,9548
3685,9191
3686,9564
3687,9093
3688,9228
3689,9212
3690,9288
3691,9303
3692,9315
3693,9624
3694,9647
3695,9243
3696,9162
3697,9052
3698,9643
3699,9181
3700,9510
3701,9490
3702,9597
3703,9607
3704,9632
3705,9262
3706,9513
3707,9373
3708,9392
3709,9461
3710,9729
3711,9198
3712,8929
3713,9188
3714,9568
3715,9623
3716,9686
3717,9148
3718,9594
3719,9670
3720,9685
3721,9618
3722,9437
3723,9551
3724,9589
3725,9612
3726,9300
3727,9557
3728,9413
3729,9250
3730,9070
3731,9283
3732,9570
3733,8884
3734,9348
3735,9162
3736,9694
3737,9211
3738,9338
3739,9619
3740,9673
3741,8971
3742,9186
3743,9593
3744,9139
3745,9647
3746,9723
3747,9590
3748,8720
3749,9257
3750,9636
3751,9647
3752,9655
3753,9330
3754,9617
3755,8873
3756,9101
3757,9243
3758,9569
3759,9712
3760,9672
3761,9169
3762,9096
3763,9563
3764,9482
3765,9454
3766,9635
3767,9646
3768,9323
3769,9448
3770,9478
3771,9305
3772,9354
3773,9532
3774,9434
3775,9489
3776,9274
3777,9594
3778,9247
3779,9571
3780,9210
3781,9617
3782,9158
3783,9677
3784,9196
3785,9344
3786,9554
3787,9405
3788,9063
3789,9198
3790,9252
3791,9595
3792,9578
3793,9236
3794,9225
3795,9286
3796,9609
3797,9555
3798,9955
3799,9633
3800,9381
3801,9483
3802,9635
3803,9998
3804,9671
3805,10031
3806,9626
3807,9981
3808,9922
3809,10042
3810,9484
3811,10183
3812,9748
3813,9956
3814,10130
3815,9692
3816,10151
3817,9739
3818,9486
3819,9878
3820,9687
3821,9765
3822,9151
3823,9416
3824,9154
3825,10274
3826,9665
3827,9556
3828,9893
3829,9806
3830,9870
3831,10365
3832,9737
3833,9567
3834,9273
3835,9782
3836,9400
3837,9661
3838,9850
3839,9051
3840,9353
3841,9595
3842,9951
3843,9553
3844,9910
3845,8901
3846,9557
3847,10144
3848,9883
3849,9436
3850,10031
3851,9470
3852,9822
3853,9768
3854,9551
3855,9760
3856,10023
3857,9900
3858,9552
3859,9748
3860,9856
3861,9603
3862,10021
3863,9732
3864,9365
3865,9649
3866,9457
3867,9873
3868,9308
3869,9584
3870,9482
3871,9865
3872,9129
3873,9737
3874,9448
3875,9996
3876,9564
3877,10171
3878,10213
3879,9655
3880,9735
3881,9533
3882,9947
3883,9982
3884,10512
3885,9917
3886,9551
3887,10050
3888,9821
3889,9792
3890,9808
3891,9165
3892,9437
3893,9686
3894,9495
3895,9848
3896,9773
3897,9663
3898,9054
3899,9518
3900,9037
3901,9427
3902,9693
3903,9708
3904,9629
3905,9687
3906,10109
3907,9526
3908,9270
3909,10080
3910,9723
3911,9673
3912,9564
3913,9641
3914,9787
3915,10009
3916,9933
3917,9935
3918,9920
3919,9989
3920,9966
3921,9985
3922,10005
3923,9717
3924,9028
3925,9889
3926,10095
3927,9867
3928,10038
3929,9893
3930,9793
3931,10009
3932,9858
3933,10041
3934,10404
3935,9810
3936,9596
3937,9752
3938,10136
3939,9995
3940,9831
3941,9601
3942,9375
3943,9518
3944,9548
3945,9475
3946,9996
3947,9411
3948,9702
3949,9677
3950,9930
3951,10216
3952,9195
3953,10109
3954,9900
3955,10040
3956,10238
3957,9770
3958,9485
3959,10014
3960,9239
3961,9737
3962,9689
3963,9618
3964,9998
3965,9848
3966,9977
3967,9810
3968,9806
3969,9859
3970,9877
3971,9858
3972,9762
3973,9771
3974,10083
3975,10061
3976,9818
3977,9710
3978,9994
3979,9721
3980,9787
3981,9638
3982,10011
3983,9747
3984,9913
3985,8922
3986,9636
3987,9964
3988,9934
3989,9576
3990,9850
3991,9720
3992,9517
3993,9966
3994,9286
3995,9725
3996,9498
3997,9844
3998,10120
3999,9926
4000,10190
4001,9742
4002,9985
4003,9525
4004,10294
4005,9762
4006,9877
4007,9970
4008,9693
4009,9741
4010,9796
4011,9489
4012,9943
4013,10105
4014,10050
4015,9484
4016,9823
4017,9992
4018,9511
4019,9809
4020,9901
4021,10023
4022,9989
4023,10100
4024,9783
4025,9570
4026,9953
4027,10056
4028,10069
4029,9822
4030,9905
4031,9978
4032,10050
4033,10038
4034,9923
4035,10183
4036,10019
4037,9061
4038,9462
4039,9716
4040,9702
4041,9629
4042,9689
4043,9443
4044,9392
4045,9805
4046,9260
4047,9603
4048,10118
4049,10212
4050,9772
4051,9895
4052,9899
4053,9871
4054,10663
4055,9781
4056,9896
4057,9937
4058,9763
4059,10252
4060,9650
4061,9279
4062,9209
4063,9833
4064,9820
4065,9591
4066,10018
4067,10224
4068,9527
4069,10011
4070,9921
4071,9825
4072,9964
4073,9872
4074,9919
4075,9620
4076,9885
4077,9916
4078,10308
4079,9991
4080,9979
4081,9759
4082,9988
4083,9832
4084,9349
4085,9941
4086,9212
4087,9498
4088,9953
4089,9453
4090,9654
4091,9655
4092,9374
4093,9769
4094,9787
4095,9413
